profile,rationing,hypothesis,day,launches_mean,launches_std,n
v1_original,off,H1,0,54.06,4.876,50
v1_original,off,H1,1,44.76,4.819,50
v1_original,off,H1,2,35.86,4.414,50
v1_original,off,H1,3,24.04,3.51,50
v1_original,off,H1,4,19.92,3.588,50
v1_original,off,H1,5,17.08,3.34,50
v1_original,off,H1,6,12.9,2.744,50
v1_original,off,H1,7,9.82,2.33,50
v1_original,off,H1,8,9.24,2.241,50
v1_original,off,H1,9,8.74,2.622,50
v1_original,off,H1,10,8.7,2.317,50
v1_original,off,H1,11,9.12,2.26,50
v1_original,off,H1,12,8.44,2.677,50
v1_original,off,H1,13,7.56,2.308,50
v1_original,off,H1,14,8.28,2.417,50
v1_original,off,H1,15,7.2,2.088,50
v1_original,off,H1,16,6.64,2.313,50
v1_original,off,H1,17,7.34,2.338,50
v1_original,off,H1,18,7.0,2.315,50
v1_original,off,H1,19,7.2,2.28,50
v1_original,off,H1,20,6.64,1.957,50
v1_original,off,H1,21,6.42,1.877,50
v1_original,off,H1,22,6.64,2.133,50
v1_original,off,H1,23,6.7,1.91,50
v1_original,off,H1,24,6.68,2.13,50
v1_original,off,H1,25,5.9,1.962,50
v1_original,off,H1,26,5.28,1.767,50
v1_original,off,H1,27,5.68,1.516,50
v1_original,off,H1,28,5.06,2.111,50
v1_original,off,H1,29,4.86,1.939,50
v1_original,off,H1,30,4.22,1.712,50
v1_original,off,H1,31,4.04,1.732,50
v1_original,off,H1,32,3.7,1.526,50
v1_original,off,H1,33,3.58,1.415,50
v1_original,off,H1,34,3.0,1.612,50
v1_original,off,H1,35,2.66,1.409,50
v1_original,off,H1,36,2.38,1.215,50
v1_original,off,H1,37,2.06,1.271,50
v1_original,off,H1,38,1.52,1.044,50
v1_original,off,H1,39,1.04,0.871,50
v1_original,off,H2,0,54.5,5.54,50
v1_original,off,H2,1,46.22,4.7,50
v1_original,off,H2,2,37.54,3.477,50
v1_original,off,H2,3,24.3,3.885,50
v1_original,off,H2,4,20.2,3.805,50
v1_original,off,H2,5,17.08,3.078,50
v1_original,off,H2,6,13.24,3.314,50
v1_original,off,H2,7,10.34,2.487,50
v1_original,off,H2,8,9.22,2.579,50
v1_original,off,H2,9,8.88,1.946,50
v1_original,off,H2,10,8.84,2.461,50
v1_original,off,H2,11,8.12,2.242,50
v1_original,off,H2,12,7.58,2.21,50
v1_original,off,H2,13,7.34,2.103,50
v1_original,off,H2,14,6.86,2.2,50
v1_original,off,H2,15,7.48,2.256,50
v1_original,off,H2,16,7.14,2.136,50
v1_original,off,H2,17,7.36,2.278,50
v1_original,off,H2,18,7.54,1.941,50
v1_original,off,H2,19,7.34,1.904,50
v1_original,off,H2,20,7.14,1.96,50
v1_original,off,H2,21,6.5,1.758,50
v1_original,off,H2,22,6.8,2.307,50
v1_original,off,H2,23,5.96,1.99,50
v1_original,off,H2,24,6.54,2.128,50
v1_original,off,H2,25,6.28,2.079,50
v1_original,off,H2,26,5.88,2.104,50
v1_original,off,H2,27,5.2,1.876,50
v1_original,off,H2,28,4.88,1.829,50
v1_original,off,H2,29,4.76,1.607,50
v1_original,off,H2,30,4.32,1.702,50
v1_original,off,H2,31,3.78,1.836,50
v1_original,off,H2,32,3.54,1.615,50
v1_original,off,H2,33,2.76,1.408,50
v1_original,off,H2,34,2.94,1.567,50
v1_original,off,H2,35,2.46,1.486,50
v1_original,off,H2,36,2.22,1.254,50
v1_original,off,H2,37,1.78,1.418,50
v1_original,off,H2,38,1.34,0.951,50
v1_original,off,H2,39,1.22,0.878,50
v1_original,off,H3,0,53.96,5.94,50
v1_original,off,H3,1,44.22,5.467,50
v1_original,off,H3,2,35.28,5.02,50
v1_original,off,H3,3,24.44,3.966,50
v1_original,off,H3,4,20.42,3.157,50
v1_original,off,H3,5,17.6,3.317,50
v1_original,off,H3,6,13.18,2.519,50
v1_original,off,H3,7,10.28,2.117,50
v1_original,off,H3,8,9.2,2.263,50
v1_original,off,H3,9,9.18,2.123,50
v1_original,off,H3,10,8.94,2.275,50
v1_original,off,H3,11,8.26,2.261,50
v1_original,off,H3,12,8.16,2.148,50
v1_original,off,H3,13,7.48,2.202,50
v1_original,off,H3,14,7.54,2.443,50
v1_original,off,H3,15,7.08,2.028,50
v1_original,off,H3,16,7.24,1.893,50
v1_original,off,H3,17,7.96,1.959,50
v1_original,off,H3,18,7.1,1.962,50
v1_original,off,H3,19,6.36,2.216,50
v1_original,off,H3,20,6.68,2.13,50
v1_original,off,H3,21,6.68,2.083,50
v1_original,off,H3,22,7.02,2.311,50
v1_original,off,H3,23,6.64,2.234,50
v1_original,off,H3,24,6.1,2.274,50
v1_original,off,H3,25,6.48,1.9,50
v1_original,off,H3,26,5.74,2.322,50
v1_original,off,H3,27,4.92,1.809,50
v1_original,off,H3,28,4.78,1.604,50
v1_original,off,H3,29,5.06,1.69,50
v1_original,off,H3,30,4.22,2.033,50
v1_original,off,H3,31,4.1,1.735,50
v1_original,off,H3,32,3.14,1.549,50
v1_original,off,H3,33,3.26,1.572,50
v1_original,off,H3,34,2.44,1.458,50
v1_original,off,H3,35,2.16,1.255,50
v1_original,off,H3,36,2.44,1.564,50
v1_original,off,H3,37,1.82,1.178,50
v1_original,off,H3,38,1.7,1.118,50
v1_original,off,H3,39,1.28,1.132,50
v1_original,individual,H1,0,54.0,5.43,50
v1_original,individual,H1,1,44.82,4.702,50
v1_original,individual,H1,2,35.42,4.639,50
v1_original,individual,H1,3,24.72,4.128,50
v1_original,individual,H1,4,20.14,3.237,50
v1_original,individual,H1,5,17.42,3.027,50
v1_original,individual,H1,6,13.28,2.458,50
v1_original,individual,H1,7,10.44,3.041,50
v1_original,individual,H1,8,9.68,2.345,50
v1_original,individual,H1,9,8.82,2.613,50
v1_original,individual,H1,10,8.74,2.038,50
v1_original,individual,H1,11,8.56,2.467,50
v1_original,individual,H1,12,8.1,2.147,50
v1_original,individual,H1,13,6.9,2.138,50
v1_original,individual,H1,14,7.66,2.016,50
v1_original,individual,H1,15,6.78,2.003,50
v1_original,individual,H1,16,7.14,1.96,50
v1_original,individual,H1,17,6.86,1.908,50
v1_original,individual,H1,18,6.44,2.07,50
v1_original,individual,H1,19,6.52,1.769,50
v1_original,individual,H1,20,6.56,2.128,50
v1_original,individual,H1,21,5.76,2.15,50
v1_original,individual,H1,22,6.12,2.438,50
v1_original,individual,H1,23,5.42,2.021,50
v1_original,individual,H1,24,5.26,2.038,50
v1_original,individual,H1,25,5.18,1.705,50
v1_original,individual,H1,26,4.84,1.848,50
v1_original,individual,H1,27,4.68,2.014,50
v1_original,individual,H1,28,4.44,1.779,50
v1_original,individual,H1,29,3.44,1.589,50
v1_original,individual,H1,30,3.42,1.909,50
v1_original,individual,H1,31,2.66,1.193,50
v1_original,individual,H1,32,2.64,1.466,50
v1_original,individual,H1,33,2.16,1.362,50
v1_original,individual,H1,34,2.12,1.437,50
v1_original,individual,H1,35,1.38,1.164,50
v1_original,individual,H1,36,1.48,1.204,50
v1_original,individual,H1,37,1.52,1.081,50
v1_original,individual,H1,38,0.98,0.948,50
v1_original,individual,H1,39,0.96,1.019,50
v1_original,individual,H2,0,53.24,4.99,50
v1_original,individual,H2,1,47.5,5.174,50
v1_original,individual,H2,2,36.98,4.802,50
v1_original,individual,H2,3,23.7,2.851,50
v1_original,individual,H2,4,20.26,4.093,50
v1_original,individual,H2,5,15.02,2.657,50
v1_original,individual,H2,6,13.04,3.053,50
v1_original,individual,H2,7,10.1,2.309,50
v1_original,individual,H2,8,9.44,2.434,50
v1_original,individual,H2,9,8.56,3.112,50
v1_original,individual,H2,10,8.52,2.385,50
v1_original,individual,H2,11,7.5,2.012,50
v1_original,individual,H2,12,7.9,2.138,50
v1_original,individual,H2,13,7.88,2.38,50
v1_original,individual,H2,14,7.72,2.2,50
v1_original,individual,H2,15,6.74,2.067,50
v1_original,individual,H2,16,7.18,1.894,50
v1_original,individual,H2,17,6.72,2.358,50
v1_original,individual,H2,18,6.48,1.931,50
v1_original,individual,H2,19,6.58,2.117,50
v1_original,individual,H2,20,6.26,1.863,50
v1_original,individual,H2,21,6.36,1.808,50
v1_original,individual,H2,22,6.0,2.154,50
v1_original,individual,H2,23,5.76,2.311,50
v1_original,individual,H2,24,5.74,1.598,50
v1_original,individual,H2,25,5.08,1.742,50
v1_original,individual,H2,26,4.86,1.778,50
v1_original,individual,H2,27,4.24,1.986,50
v1_original,individual,H2,28,3.7,1.616,50
v1_original,individual,H2,29,3.6,1.562,50
v1_original,individual,H2,30,3.16,1.689,50
v1_original,individual,H2,31,2.7,1.253,50
v1_original,individual,H2,32,2.64,1.213,50
v1_original,individual,H2,33,2.42,1.185,50
v1_original,individual,H2,34,1.96,1.483,50
v1_original,individual,H2,35,1.38,1.037,50
v1_original,individual,H2,36,1.38,1.093,50
v1_original,individual,H2,37,1.4,1.02,50
v1_original,individual,H2,38,1.14,0.895,50
v1_original,individual,H2,39,0.82,0.887,50
v1_original,individual,H3,0,54.36,5.11,50
v1_original,individual,H3,1,45.08,5.261,50
v1_original,individual,H3,2,35.7,4.139,50
v1_original,individual,H3,3,24.46,4.061,50
v1_original,individual,H3,4,20.22,3.276,50
v1_original,individual,H3,5,17.04,2.856,50
v1_original,individual,H3,6,13.98,2.956,50
v1_original,individual,H3,7,10.46,2.647,50
v1_original,individual,H3,8,8.86,2.332,50
v1_original,individual,H3,9,9.3,2.22,50
v1_original,individual,H3,10,8.6,2.425,50
v1_original,individual,H3,11,8.36,2.636,50
v1_original,individual,H3,12,7.38,2.366,50
v1_original,individual,H3,13,7.36,2.269,50
v1_original,individual,H3,14,7.14,2.298,50
v1_original,individual,H3,15,6.84,2.23,50
v1_original,individual,H3,16,7.48,2.476,50
v1_original,individual,H3,17,6.4,2.383,50
v1_original,individual,H3,18,6.26,2.512,50
v1_original,individual,H3,19,6.04,2.126,50
v1_original,individual,H3,20,6.22,2.033,50
v1_original,individual,H3,21,6.38,1.886,50
v1_original,individual,H3,22,6.12,1.681,50
v1_original,individual,H3,23,6.18,2.046,50
v1_original,individual,H3,24,5.28,2.06,50
v1_original,individual,H3,25,5.0,1.844,50
v1_original,individual,H3,26,4.76,1.893,50
v1_original,individual,H3,27,4.16,2.072,50
v1_original,individual,H3,28,4.24,1.477,50
v1_original,individual,H3,29,3.62,1.482,50
v1_original,individual,H3,30,3.22,1.527,50
v1_original,individual,H3,31,3.1,1.459,50
v1_original,individual,H3,32,2.38,1.294,50
v1_original,individual,H3,33,2.52,1.432,50
v1_original,individual,H3,34,2.34,1.227,50
v1_original,individual,H3,35,2.0,1.265,50
v1_original,individual,H3,36,1.66,1.29,50
v1_original,individual,H3,37,1.28,1.04,50
v1_original,individual,H3,38,1.16,0.946,50
v1_original,individual,H3,39,0.8,0.8,50
v1_original,coordinated,H1,0,54.24,5.409,50
v1_original,coordinated,H1,1,39.12,4.991,50
v1_original,coordinated,H1,2,27.38,4.467,50
v1_original,coordinated,H1,3,15.76,3.203,50
v1_original,coordinated,H1,4,12.94,3.397,50
v1_original,coordinated,H1,5,9.28,3.124,50
v1_original,coordinated,H1,6,6.62,2.306,50
v1_original,coordinated,H1,7,5.24,1.893,50
v1_original,coordinated,H1,8,4.3,2.022,50
v1_original,coordinated,H1,9,3.78,1.847,50
v1_original,coordinated,H1,10,3.6,2.107,50
v1_original,coordinated,H1,11,4.16,1.701,50
v1_original,coordinated,H1,12,3.14,1.721,50
v1_original,coordinated,H1,13,3.3,1.591,50
v1_original,coordinated,H1,14,2.88,1.395,50
v1_original,coordinated,H1,15,3.3,1.459,50
v1_original,coordinated,H1,16,2.98,1.619,50
v1_original,coordinated,H1,17,2.82,1.424,50
v1_original,coordinated,H1,18,3.12,1.681,50
v1_original,coordinated,H1,19,2.92,1.61,50
v1_original,coordinated,H1,20,2.6,1.371,50
v1_original,coordinated,H1,21,2.62,1.398,50
v1_original,coordinated,H1,22,2.7,1.459,50
v1_original,coordinated,H1,23,2.48,1.403,50
v1_original,coordinated,H1,24,2.86,1.575,50
v1_original,coordinated,H1,25,2.02,1.304,50
v1_original,coordinated,H1,26,2.4,1.249,50
v1_original,coordinated,H1,27,2.18,1.367,50
v1_original,coordinated,H1,28,1.94,1.271,50
v1_original,coordinated,H1,29,1.64,1.015,50
v1_original,coordinated,H1,30,1.76,1.258,50
v1_original,coordinated,H1,31,1.76,1.335,50
v1_original,coordinated,H1,32,1.14,0.849,50
v1_original,coordinated,H1,33,1.28,1.059,50
v1_original,coordinated,H1,34,0.98,0.99,50
v1_original,coordinated,H1,35,1.02,0.99,50
v1_original,coordinated,H1,36,0.68,0.882,50
v1_original,coordinated,H1,37,0.78,0.901,50
v1_original,coordinated,H1,38,0.74,0.687,50
v1_original,coordinated,H1,39,0.56,0.753,50
v1_original,coordinated,H2,0,52.98,4.752,50
v1_original,coordinated,H2,1,39.3,4.631,50
v1_original,coordinated,H2,2,27.42,4.196,50
v1_original,coordinated,H2,3,15.72,3.25,50
v1_original,coordinated,H2,4,12.32,2.853,50
v1_original,coordinated,H2,5,9.08,2.544,50
v1_original,coordinated,H2,6,6.88,2.075,50
v1_original,coordinated,H2,7,4.88,2.104,50
v1_original,coordinated,H2,8,4.1,1.857,50
v1_original,coordinated,H2,9,4.06,1.805,50
v1_original,coordinated,H2,10,3.96,2.2,50
v1_original,coordinated,H2,11,3.5,1.389,50
v1_original,coordinated,H2,12,3.92,1.73,50
v1_original,coordinated,H2,13,3.16,1.541,50
v1_original,coordinated,H2,14,2.92,1.412,50
v1_original,coordinated,H2,15,3.28,1.55,50
v1_original,coordinated,H2,16,2.7,1.552,50
v1_original,coordinated,H2,17,2.9,1.591,50
v1_original,coordinated,H2,18,3.14,1.575,50
v1_original,coordinated,H2,19,2.72,1.855,50
v1_original,coordinated,H2,20,2.84,1.759,50
v1_original,coordinated,H2,21,2.5,1.187,50
v1_original,coordinated,H2,22,2.66,1.505,50
v1_original,coordinated,H2,23,2.62,1.548,50
v1_original,coordinated,H2,24,2.74,1.262,50
v1_original,coordinated,H2,25,2.44,1.267,50
v1_original,coordinated,H2,26,2.24,1.258,50
v1_original,coordinated,H2,27,1.96,1.28,50
v1_original,coordinated,H2,28,2.0,1.296,50
v1_original,coordinated,H2,29,2.0,1.342,50
v1_original,coordinated,H2,30,1.92,1.278,50
v1_original,coordinated,H2,31,1.36,1.213,50
v1_original,coordinated,H2,32,1.16,0.987,50
v1_original,coordinated,H2,33,1.32,1.174,50
v1_original,coordinated,H2,34,1.16,0.987,50
v1_original,coordinated,H2,35,1.08,0.997,50
v1_original,coordinated,H2,36,0.86,0.749,50
v1_original,coordinated,H2,37,0.76,0.814,50
v1_original,coordinated,H2,38,0.56,0.753,50
v1_original,coordinated,H2,39,0.38,0.525,50
v1_original,coordinated,H3,0,54.56,4.9,50
v1_original,coordinated,H3,1,38.5,6.014,50
v1_original,coordinated,H3,2,28.02,3.977,50
v1_original,coordinated,H3,3,15.82,3.173,50
v1_original,coordinated,H3,4,12.32,3.283,50
v1_original,coordinated,H3,5,9.54,2.547,50
v1_original,coordinated,H3,6,7.14,2.392,50
v1_original,coordinated,H3,7,4.8,1.4,50
v1_original,coordinated,H3,8,4.1,1.868,50
v1_original,coordinated,H3,9,3.88,1.976,50
v1_original,coordinated,H3,10,3.84,1.579,50
v1_original,coordinated,H3,11,3.62,1.821,50
v1_original,coordinated,H3,12,3.26,1.895,50
v1_original,coordinated,H3,13,3.48,1.403,50
v1_original,coordinated,H3,14,3.02,1.349,50
v1_original,coordinated,H3,15,2.9,1.539,50
v1_original,coordinated,H3,16,2.64,1.397,50
v1_original,coordinated,H3,17,3.02,1.655,50
v1_original,coordinated,H3,18,2.9,1.591,50
v1_original,coordinated,H3,19,2.8,1.428,50
v1_original,coordinated,H3,20,3.1,1.5,50
v1_original,coordinated,H3,21,2.8,1.575,50
v1_original,coordinated,H3,22,2.74,1.426,50
v1_original,coordinated,H3,23,2.58,1.343,50
v1_original,coordinated,H3,24,2.46,1.526,50
v1_original,coordinated,H3,25,2.32,1.593,50
v1_original,coordinated,H3,26,2.62,1.535,50
v1_original,coordinated,H3,27,2.08,1.246,50
v1_original,coordinated,H3,28,2.16,1.206,50
v1_original,coordinated,H3,29,1.88,1.492,50
v1_original,coordinated,H3,30,1.82,1.438,50
v1_original,coordinated,H3,31,1.54,1.153,50
v1_original,coordinated,H3,32,1.46,1.187,50
v1_original,coordinated,H3,33,1.44,1.267,50
v1_original,coordinated,H3,34,1.36,1.179,50
v1_original,coordinated,H3,35,1.16,1.007,50
v1_original,coordinated,H3,36,1.06,0.925,50
v1_original,coordinated,H3,37,0.86,0.895,50
v1_original,coordinated,H3,38,0.5,0.755,50
v1_original,coordinated,H3,39,0.58,0.751,50
v3_realistic,off,H1,0,53.54,6.824,50
v3_realistic,off,H1,1,52.9,4.623,50
v3_realistic,off,H1,2,51.26,4.399,50
v3_realistic,off,H1,3,44.96,5.169,50
v3_realistic,off,H1,4,41.72,5.333,50
v3_realistic,off,H1,5,39.2,5.628,50
v3_realistic,off,H1,6,35.52,6.129,50
v3_realistic,off,H1,7,34.2,5.119,50
v3_realistic,off,H1,8,29.88,4.376,50
v3_realistic,off,H1,9,30.82,4.572,50
v3_realistic,off,H1,10,30.1,4.691,50
v3_realistic,off,H1,11,28.58,4.592,50
v3_realistic,off,H1,12,28.04,4.313,50
v3_realistic,off,H1,13,27.2,4.28,50
v3_realistic,off,H1,14,26.1,4.579,50
v3_realistic,off,H1,15,25.24,4.412,50
v3_realistic,off,H1,16,25.26,3.735,50
v3_realistic,off,H1,17,23.36,4.232,50
v3_realistic,off,H1,18,22.78,4.415,50
v3_realistic,off,H1,19,22.34,4.306,50
v3_realistic,off,H1,20,22.2,3.633,50
v3_realistic,off,H1,21,20.54,3.568,50
v3_realistic,off,H1,22,21.52,3.551,50
v3_realistic,off,H1,23,20.6,4.804,50
v3_realistic,off,H1,24,19.58,3.731,50
v3_realistic,off,H1,25,19.34,3.302,50
v3_realistic,off,H1,26,19.62,3.919,50
v3_realistic,off,H1,27,17.52,3.041,50
v3_realistic,off,H1,28,17.0,3.555,50
v3_realistic,off,H1,29,15.62,3.117,50
v3_realistic,off,H1,30,15.22,4.134,50
v3_realistic,off,H1,31,14.24,3.755,50
v3_realistic,off,H1,32,12.46,3.106,50
v3_realistic,off,H1,33,10.24,2.79,50
v3_realistic,off,H1,34,9.66,3.089,50
v3_realistic,off,H1,35,8.64,2.415,50
v3_realistic,off,H1,36,7.34,2.346,50
v3_realistic,off,H1,37,6.14,2.307,50
v3_realistic,off,H1,38,5.22,2.564,50
v3_realistic,off,H1,39,4.86,2.28,50
v3_realistic,off,H2,0,54.04,5.314,50
v3_realistic,off,H2,1,50.78,5.661,50
v3_realistic,off,H2,2,50.6,5.418,50
v3_realistic,off,H2,3,45.04,5.173,50
v3_realistic,off,H2,4,41.86,4.821,50
v3_realistic,off,H2,5,39.46,4.64,50
v3_realistic,off,H2,6,34.08,4.812,50
v3_realistic,off,H2,7,33.4,4.499,50
v3_realistic,off,H2,8,29.68,4.306,50
v3_realistic,off,H2,9,29.6,4.72,50
v3_realistic,off,H2,10,29.18,4.832,50
v3_realistic,off,H2,11,28.26,3.492,50
v3_realistic,off,H2,12,27.14,3.639,50
v3_realistic,off,H2,13,27.14,4.28,50
v3_realistic,off,H2,14,26.62,4.223,50
v3_realistic,off,H2,15,24.18,4.367,50
v3_realistic,off,H2,16,24.5,4.365,50
v3_realistic,off,H2,17,24.0,4.754,50
v3_realistic,off,H2,18,23.1,3.801,50
v3_realistic,off,H2,19,22.8,2.857,50
v3_realistic,off,H2,20,19.92,4.48,50
v3_realistic,off,H2,21,20.28,3.02,50
v3_realistic,off,H2,22,20.86,3.341,50
v3_realistic,off,H2,23,20.68,2.969,50
v3_realistic,off,H2,24,20.52,3.46,50
v3_realistic,off,H2,25,20.48,4.061,50
v3_realistic,off,H2,26,18.54,3.312,50
v3_realistic,off,H2,27,17.04,2.683,50
v3_realistic,off,H2,28,17.24,3.121,50
v3_realistic,off,H2,29,15.4,3.169,50
v3_realistic,off,H2,30,13.8,2.623,50
v3_realistic,off,H2,31,13.2,2.905,50
v3_realistic,off,H2,32,12.12,2.651,50
v3_realistic,off,H2,33,11.08,3.346,50
v3_realistic,off,H2,34,9.7,2.795,50
v3_realistic,off,H2,35,8.58,2.808,50
v3_realistic,off,H2,36,6.9,2.229,50
v3_realistic,off,H2,37,6.48,2.3,50
v3_realistic,off,H2,38,4.88,2.414,50
v3_realistic,off,H2,39,4.52,2.002,50
v3_realistic,off,H3,0,52.88,5.421,50
v3_realistic,off,H3,1,53.42,4.631,50
v3_realistic,off,H3,2,51.18,5.09,50
v3_realistic,off,H3,3,43.3,4.73,50
v3_realistic,off,H3,4,41.34,5.179,50
v3_realistic,off,H3,5,37.58,4.618,50
v3_realistic,off,H3,6,35.32,5.05,50
v3_realistic,off,H3,7,32.48,4.496,50
v3_realistic,off,H3,8,31.66,4.297,50
v3_realistic,off,H3,9,30.2,4.534,50
v3_realistic,off,H3,10,29.76,3.766,50
v3_realistic,off,H3,11,28.36,4.922,50
v3_realistic,off,H3,12,28.16,4.843,50
v3_realistic,off,H3,13,26.82,4.146,50
v3_realistic,off,H3,14,26.46,4.583,50
v3_realistic,off,H3,15,25.92,4.078,50
v3_realistic,off,H3,16,25.28,4.147,50
v3_realistic,off,H3,17,23.02,3.86,50
v3_realistic,off,H3,18,23.06,4.263,50
v3_realistic,off,H3,19,22.04,4.03,50
v3_realistic,off,H3,20,21.48,3.843,50
v3_realistic,off,H3,21,22.42,3.528,50
v3_realistic,off,H3,22,20.92,3.836,50
v3_realistic,off,H3,23,21.4,4.733,50
v3_realistic,off,H3,24,20.66,3.866,50
v3_realistic,off,H3,25,18.9,3.785,50
v3_realistic,off,H3,26,19.2,4.01,50
v3_realistic,off,H3,27,16.84,3.679,50
v3_realistic,off,H3,28,17.2,3.985,50
v3_realistic,off,H3,29,15.44,3.06,50
v3_realistic,off,H3,30,13.76,2.832,50
v3_realistic,off,H3,31,13.26,3.778,50
v3_realistic,off,H3,32,12.06,3.385,50
v3_realistic,off,H3,33,10.9,2.419,50
v3_realistic,off,H3,34,10.6,2.871,50
v3_realistic,off,H3,35,9.28,2.638,50
v3_realistic,off,H3,36,7.72,2.154,50
v3_realistic,off,H3,37,6.44,2.351,50
v3_realistic,off,H3,38,5.84,1.891,50
v3_realistic,off,H3,39,4.66,2.055,50
v3_realistic,individual,H1,0,54.14,6.456,50
v3_realistic,individual,H1,1,51.3,4.482,50
v3_realistic,individual,H1,2,50.74,4.919,50
v3_realistic,individual,H1,3,44.26,5.61,50
v3_realistic,individual,H1,4,41.52,5.189,50
v3_realistic,individual,H1,5,37.8,4.543,50
v3_realistic,individual,H1,6,35.3,4.734,50
v3_realistic,individual,H1,7,32.56,3.226,50
v3_realistic,individual,H1,8,30.76,4.241,50
v3_realistic,individual,H1,9,29.6,4.414,50
v3_realistic,individual,H1,10,28.88,4.68,50
v3_realistic,individual,H1,11,28.22,4.168,50
v3_realistic,individual,H1,12,28.58,4.196,50
v3_realistic,individual,H1,13,27.48,3.269,50
v3_realistic,individual,H1,14,24.66,3.697,50
v3_realistic,individual,H1,15,25.36,3.954,50
v3_realistic,individual,H1,16,24.34,4.092,50
v3_realistic,individual,H1,17,23.66,3.587,50
v3_realistic,individual,H1,18,21.52,4.105,50
v3_realistic,individual,H1,19,20.68,4.076,50
v3_realistic,individual,H1,20,18.94,4.037,50
v3_realistic,individual,H1,21,19.78,4.1,50
v3_realistic,individual,H1,22,18.32,3.449,50
v3_realistic,individual,H1,23,18.16,3.859,50
v3_realistic,individual,H1,24,18.16,3.529,50
v3_realistic,individual,H1,25,17.68,2.956,50
v3_realistic,individual,H1,26,15.86,3.71,50
v3_realistic,individual,H1,27,14.9,3.425,50
v3_realistic,individual,H1,28,13.42,2.974,50
v3_realistic,individual,H1,29,12.14,2.561,50
v3_realistic,individual,H1,30,11.1,3.195,50
v3_realistic,individual,H1,31,9.94,2.753,50
v3_realistic,individual,H1,32,9.1,2.476,50
v3_realistic,individual,H1,33,8.52,2.914,50
v3_realistic,individual,H1,34,7.48,2.968,50
v3_realistic,individual,H1,35,7.02,2.267,50
v3_realistic,individual,H1,36,6.12,2.703,50
v3_realistic,individual,H1,37,5.08,2.106,50
v3_realistic,individual,H1,38,4.28,1.877,50
v3_realistic,individual,H1,39,4.12,1.693,50
v3_realistic,individual,H2,0,53.7,3.915,50
v3_realistic,individual,H2,1,50.92,6.428,50
v3_realistic,individual,H2,2,50.74,5.418,50
v3_realistic,individual,H2,3,44.0,5.664,50
v3_realistic,individual,H2,4,42.1,4.206,50
v3_realistic,individual,H2,5,37.74,4.787,50
v3_realistic,individual,H2,6,34.86,5.204,50
v3_realistic,individual,H2,7,32.7,4.7,50
v3_realistic,individual,H2,8,30.9,4.263,50
v3_realistic,individual,H2,9,28.84,3.972,50
v3_realistic,individual,H2,10,29.36,4.564,50
v3_realistic,individual,H2,11,28.28,4.423,50
v3_realistic,individual,H2,12,27.54,4.276,50
v3_realistic,individual,H2,13,26.28,4.167,50
v3_realistic,individual,H2,14,25.02,5.105,50
v3_realistic,individual,H2,15,24.6,3.731,50
v3_realistic,individual,H2,16,23.8,3.826,50
v3_realistic,individual,H2,17,23.1,4.095,50
v3_realistic,individual,H2,18,21.86,4.596,50
v3_realistic,individual,H2,19,21.74,3.825,50
v3_realistic,individual,H2,20,20.06,3.786,50
v3_realistic,individual,H2,21,19.3,3.239,50
v3_realistic,individual,H2,22,18.92,3.469,50
v3_realistic,individual,H2,23,19.12,3.514,50
v3_realistic,individual,H2,24,17.96,3.458,50
v3_realistic,individual,H2,25,18.44,4.06,50
v3_realistic,individual,H2,26,17.12,3.031,50
v3_realistic,individual,H2,27,14.34,3.404,50
v3_realistic,individual,H2,28,13.06,2.789,50
v3_realistic,individual,H2,29,11.62,3.019,50
v3_realistic,individual,H2,30,11.18,2.559,50
v3_realistic,individual,H2,31,9.78,2.64,50
v3_realistic,individual,H2,32,8.6,2.691,50
v3_realistic,individual,H2,33,7.86,2.771,50
v3_realistic,individual,H2,34,7.54,2.5,50
v3_realistic,individual,H2,35,6.1,2.11,50
v3_realistic,individual,H2,36,4.94,1.974,50
v3_realistic,individual,H2,37,4.82,2.16,50
v3_realistic,individual,H2,38,3.98,1.934,50
v3_realistic,individual,H2,39,3.12,1.57,50
v3_realistic,individual,H3,0,53.58,4.984,50
v3_realistic,individual,H3,1,53.5,5.453,50
v3_realistic,individual,H3,2,50.34,5.152,50
v3_realistic,individual,H3,3,43.66,6.231,50
v3_realistic,individual,H3,4,41.86,5.344,50
v3_realistic,individual,H3,5,38.26,4.668,50
v3_realistic,individual,H3,6,34.72,4.703,50
v3_realistic,individual,H3,7,33.74,4.349,50
v3_realistic,individual,H3,8,30.14,4.617,50
v3_realistic,individual,H3,9,30.28,5.303,50
v3_realistic,individual,H3,10,28.54,4.981,50
v3_realistic,individual,H3,11,29.04,3.914,50
v3_realistic,individual,H3,12,27.72,4.763,50
v3_realistic,individual,H3,13,26.48,3.956,50
v3_realistic,individual,H3,14,24.92,3.463,50
v3_realistic,individual,H3,15,24.24,4.259,50
v3_realistic,individual,H3,16,23.7,3.822,50
v3_realistic,individual,H3,17,22.28,3.699,50
v3_realistic,individual,H3,18,22.36,3.11,50
v3_realistic,individual,H3,19,20.96,4.919,50
v3_realistic,individual,H3,20,20.42,3.213,50
v3_realistic,individual,H3,21,18.98,3.771,50
v3_realistic,individual,H3,22,20.1,3.727,50
v3_realistic,individual,H3,23,20.02,3.397,50
v3_realistic,individual,H3,24,18.14,3.693,50
v3_realistic,individual,H3,25,17.66,3.57,50
v3_realistic,individual,H3,26,15.98,3.356,50
v3_realistic,individual,H3,27,14.56,3.471,50
v3_realistic,individual,H3,28,13.64,3.205,50
v3_realistic,individual,H3,29,12.16,2.633,50
v3_realistic,individual,H3,30,11.46,3.226,50
v3_realistic,individual,H3,31,11.28,2.786,50
v3_realistic,individual,H3,32,9.0,3.092,50
v3_realistic,individual,H3,33,8.5,2.751,50
v3_realistic,individual,H3,34,8.0,2.474,50
v3_realistic,individual,H3,35,5.96,2.254,50
v3_realistic,individual,H3,36,5.86,2.569,50
v3_realistic,individual,H3,37,4.9,1.758,50
v3_realistic,individual,H3,38,4.76,2.093,50
v3_realistic,individual,H3,39,3.26,1.798,50
v3_realistic,coordinated,H1,0,54.0,5.755,50
v3_realistic,coordinated,H1,1,50.68,5.112,50
v3_realistic,coordinated,H1,2,49.24,5.602,50
v3_realistic,coordinated,H1,3,41.42,5.052,50
v3_realistic,coordinated,H1,4,38.3,4.945,50
v3_realistic,coordinated,H1,5,33.5,4.657,50
v3_realistic,coordinated,H1,6,31.16,4.469,50
v3_realistic,coordinated,H1,7,29.08,5.411,50
v3_realistic,coordinated,H1,8,25.34,3.902,50
v3_realistic,coordinated,H1,9,24.6,4.377,50
v3_realistic,coordinated,H1,10,24.7,4.451,50
v3_realistic,coordinated,H1,11,22.9,3.288,50
v3_realistic,coordinated,H1,12,22.1,3.936,50
v3_realistic,coordinated,H1,13,21.36,3.83,50
v3_realistic,coordinated,H1,14,19.42,3.516,50
v3_realistic,coordinated,H1,15,18.18,3.339,50
v3_realistic,coordinated,H1,16,18.44,3.539,50
v3_realistic,coordinated,H1,17,16.94,3.088,50
v3_realistic,coordinated,H1,18,15.52,3.183,50
v3_realistic,coordinated,H1,19,14.94,3.507,50
v3_realistic,coordinated,H1,20,13.72,3.65,50
v3_realistic,coordinated,H1,21,13.72,3.578,50
v3_realistic,coordinated,H1,22,12.94,3.009,50
v3_realistic,coordinated,H1,23,13.26,3.81,50
v3_realistic,coordinated,H1,24,13.06,2.319,50
v3_realistic,coordinated,H1,25,11.92,3.364,50
v3_realistic,coordinated,H1,26,12.46,3.195,50
v3_realistic,coordinated,H1,27,10.46,3.306,50
v3_realistic,coordinated,H1,28,9.72,2.498,50
v3_realistic,coordinated,H1,29,9.7,2.975,50
v3_realistic,coordinated,H1,30,8.84,2.976,50
v3_realistic,coordinated,H1,31,7.86,2.75,50
v3_realistic,coordinated,H1,32,7.1,2.377,50
v3_realistic,coordinated,H1,33,6.36,2.364,50
v3_realistic,coordinated,H1,34,5.24,1.68,50
v3_realistic,coordinated,H1,35,5.34,2.016,50
v3_realistic,coordinated,H1,36,4.22,1.758,50
v3_realistic,coordinated,H1,37,4.02,2.131,50
v3_realistic,coordinated,H1,38,3.2,1.673,50
v3_realistic,coordinated,H1,39,3.14,1.833,50
v3_realistic,coordinated,H2,0,52.66,5.609,50
v3_realistic,coordinated,H2,1,51.9,4.863,50
v3_realistic,coordinated,H2,2,47.44,6.338,50
v3_realistic,coordinated,H2,3,42.04,5.535,50
v3_realistic,coordinated,H2,4,39.6,5.254,50
v3_realistic,coordinated,H2,5,33.46,4.73,50
v3_realistic,coordinated,H2,6,30.94,4.496,50
v3_realistic,coordinated,H2,7,28.26,4.677,50
v3_realistic,coordinated,H2,8,26.68,4.461,50
v3_realistic,coordinated,H2,9,25.42,3.97,50
v3_realistic,coordinated,H2,10,24.9,4.997,50
v3_realistic,coordinated,H2,11,22.2,3.975,50
v3_realistic,coordinated,H2,12,21.38,3.857,50
v3_realistic,coordinated,H2,13,20.92,3.509,50
v3_realistic,coordinated,H2,14,19.72,3.8,50
v3_realistic,coordinated,H2,15,18.9,4.08,50
v3_realistic,coordinated,H2,16,17.82,3.604,50
v3_realistic,coordinated,H2,17,17.14,3.447,50
v3_realistic,coordinated,H2,18,15.76,3.284,50
v3_realistic,coordinated,H2,19,14.76,3.178,50
v3_realistic,coordinated,H2,20,14.7,3.754,50
v3_realistic,coordinated,H2,21,14.34,3.508,50
v3_realistic,coordinated,H2,22,12.84,3.009,50
v3_realistic,coordinated,H2,23,13.34,2.65,50
v3_realistic,coordinated,H2,24,13.1,2.886,50
v3_realistic,coordinated,H2,25,12.88,3.135,50
v3_realistic,coordinated,H2,26,11.78,2.873,50
v3_realistic,coordinated,H2,27,10.6,3.243,50
v3_realistic,coordinated,H2,28,9.56,2.865,50
v3_realistic,coordinated,H2,29,10.18,3.217,50
v3_realistic,coordinated,H2,30,9.18,2.519,50
v3_realistic,coordinated,H2,31,8.38,3.104,50
v3_realistic,coordinated,H2,32,6.84,2.284,50
v3_realistic,coordinated,H2,33,6.5,2.291,50
v3_realistic,coordinated,H2,34,5.98,1.892,50
v3_realistic,coordinated,H2,35,5.14,2.0,50
v3_realistic,coordinated,H2,36,4.58,1.95,50
v3_realistic,coordinated,H2,37,3.78,1.879,50
v3_realistic,coordinated,H2,38,3.2,1.887,50
v3_realistic,coordinated,H2,39,3.18,1.645,50
v3_realistic,coordinated,H3,0,53.12,5.241,50
v3_realistic,coordinated,H3,1,51.14,5.993,50
v3_realistic,coordinated,H3,2,50.04,5.517,50
v3_realistic,coordinated,H3,3,42.1,6.077,50
v3_realistic,coordinated,H3,4,39.04,5.621,50
v3_realistic,coordinated,H3,5,33.7,4.295,50
v3_realistic,coordinated,H3,6,31.5,4.957,50
v3_realistic,coordinated,H3,7,28.68,4.438,50
v3_realistic,coordinated,H3,8,25.62,4.331,50
v3_realistic,coordinated,H3,9,24.26,3.933,50
v3_realistic,coordinated,H3,10,24.8,4.517,50
v3_realistic,coordinated,H3,11,23.18,5.011,50
v3_realistic,coordinated,H3,12,21.84,3.733,50
v3_realistic,coordinated,H3,13,21.3,4.378,50
v3_realistic,coordinated,H3,14,19.88,3.766,50
v3_realistic,coordinated,H3,15,20.06,3.916,50
v3_realistic,coordinated,H3,16,17.4,3.65,50
v3_realistic,coordinated,H3,17,16.48,4.006,50
v3_realistic,coordinated,H3,18,16.44,3.843,50
v3_realistic,coordinated,H3,19,14.7,3.366,50
v3_realistic,coordinated,H3,20,13.84,3.301,50
v3_realistic,coordinated,H3,21,14.46,3.711,50
v3_realistic,coordinated,H3,22,13.2,2.608,50
v3_realistic,coordinated,H3,23,13.18,3.491,50
v3_realistic,coordinated,H3,24,13.34,2.896,50
v3_realistic,coordinated,H3,25,12.7,3.028,50
v3_realistic,coordinated,H3,26,11.64,3.167,50
v3_realistic,coordinated,H3,27,11.44,2.947,50
v3_realistic,coordinated,H3,28,9.9,2.886,50
v3_realistic,coordinated,H3,29,9.5,2.625,50
v3_realistic,coordinated,H3,30,8.48,2.78,50
v3_realistic,coordinated,H3,31,8.22,2.61,50
v3_realistic,coordinated,H3,32,6.74,2.52,50
v3_realistic,coordinated,H3,33,6.36,2.614,50
v3_realistic,coordinated,H3,34,6.62,1.999,50
v3_realistic,coordinated,H3,35,5.48,2.156,50
v3_realistic,coordinated,H3,36,4.28,2.098,50
v3_realistic,coordinated,H3,37,3.96,2.02,50
v3_realistic,coordinated,H3,38,3.04,1.661,50
v3_realistic,coordinated,H3,39,2.94,1.984,50
v3_front_loaded,off,H1,0,54.18,5.102,50
v3_front_loaded,off,H1,1,49.24,4.781,50
v3_front_loaded,off,H1,2,42.98,3.977,50
v3_front_loaded,off,H1,3,34.84,5.58,50
v3_front_loaded,off,H1,4,31.4,4.587,50
v3_front_loaded,off,H1,5,29.2,4.03,50
v3_front_loaded,off,H1,6,26.24,4.848,50
v3_front_loaded,off,H1,7,24.36,3.714,50
v3_front_loaded,off,H1,8,22.06,3.901,50
v3_front_loaded,off,H1,9,20.66,4.003,50
v3_front_loaded,off,H1,10,19.46,3.312,50
v3_front_loaded,off,H1,11,18.32,3.337,50
v3_front_loaded,off,H1,12,19.18,3.642,50
v3_front_loaded,off,H1,13,19.72,3.256,50
v3_front_loaded,off,H1,14,18.8,3.633,50
v3_front_loaded,off,H1,15,18.56,3.689,50
v3_front_loaded,off,H1,16,18.86,3.644,50
v3_front_loaded,off,H1,17,19.02,3.507,50
v3_front_loaded,off,H1,18,17.6,3.572,50
v3_front_loaded,off,H1,19,18.62,3.555,50
v3_front_loaded,off,H1,20,18.56,3.606,50
v3_front_loaded,off,H1,21,18.14,3.046,50
v3_front_loaded,off,H1,22,18.06,4.096,50
v3_front_loaded,off,H1,23,18.08,3.249,50
v3_front_loaded,off,H1,24,18.24,3.978,50
v3_front_loaded,off,H1,25,17.08,2.938,50
v3_front_loaded,off,H1,26,16.54,3.054,50
v3_front_loaded,off,H1,27,15.72,3.066,50
v3_front_loaded,off,H1,28,15.84,3.24,50
v3_front_loaded,off,H1,29,13.56,3.567,50
v3_front_loaded,off,H1,30,12.76,3.462,50
v3_front_loaded,off,H1,31,12.12,3.141,50
v3_front_loaded,off,H1,32,11.08,3.509,50
v3_front_loaded,off,H1,33,9.94,2.428,50
v3_front_loaded,off,H1,34,9.1,2.548,50
v3_front_loaded,off,H1,35,7.7,2.571,50
v3_front_loaded,off,H1,36,7.46,2.459,50
v3_front_loaded,off,H1,37,6.22,2.524,50
v3_front_loaded,off,H1,38,5.14,1.833,50
v3_front_loaded,off,H1,39,4.64,1.819,50
v3_front_loaded,off,H2,0,54.68,4.909,50
v3_front_loaded,off,H2,1,47.82,5.432,50
v3_front_loaded,off,H2,2,44.44,4.401,50
v3_front_loaded,off,H2,3,35.02,3.797,50
v3_front_loaded,off,H2,4,32.34,4.348,50
v3_front_loaded,off,H2,5,29.16,3.911,50
v3_front_loaded,off,H2,6,25.44,3.991,50
v3_front_loaded,off,H2,7,24.34,3.85,50
v3_front_loaded,off,H2,8,22.34,3.932,50
v3_front_loaded,off,H2,9,20.38,3.693,50
v3_front_loaded,off,H2,10,18.84,3.466,50
v3_front_loaded,off,H2,11,20.36,4.431,50
v3_front_loaded,off,H2,12,20.48,3.971,50
v3_front_loaded,off,H2,13,18.18,3.609,50
v3_front_loaded,off,H2,14,19.96,3.773,50
v3_front_loaded,off,H2,15,18.1,3.312,50
v3_front_loaded,off,H2,16,18.68,3.036,50
v3_front_loaded,off,H2,17,18.16,3.443,50
v3_front_loaded,off,H2,18,18.74,3.872,50
v3_front_loaded,off,H2,19,17.88,3.057,50
v3_front_loaded,off,H2,20,19.42,3.269,50
v3_front_loaded,off,H2,21,18.24,2.867,50
v3_front_loaded,off,H2,22,17.78,3.679,50
v3_front_loaded,off,H2,23,17.92,3.242,50
v3_front_loaded,off,H2,24,16.8,3.672,50
v3_front_loaded,off,H2,25,18.36,3.588,50
v3_front_loaded,off,H2,26,15.74,2.791,50
v3_front_loaded,off,H2,27,15.68,3.484,50
v3_front_loaded,off,H2,28,14.52,3.028,50
v3_front_loaded,off,H2,29,13.32,3.712,50
v3_front_loaded,off,H2,30,12.14,3.561,50
v3_front_loaded,off,H2,31,10.94,2.908,50
v3_front_loaded,off,H2,32,10.92,2.726,50
v3_front_loaded,off,H2,33,9.84,2.831,50
v3_front_loaded,off,H2,34,9.24,2.337,50
v3_front_loaded,off,H2,35,7.86,2.298,50
v3_front_loaded,off,H2,36,7.04,2.271,50
v3_front_loaded,off,H2,37,5.52,2.138,50
v3_front_loaded,off,H2,38,4.66,1.945,50
v3_front_loaded,off,H2,39,3.82,1.905,50
v3_front_loaded,off,H3,0,54.0,5.657,50
v3_front_loaded,off,H3,1,48.76,5.387,50
v3_front_loaded,off,H3,2,44.28,4.964,50
v3_front_loaded,off,H3,3,32.2,4.359,50
v3_front_loaded,off,H3,4,31.44,4.177,50
v3_front_loaded,off,H3,5,29.08,3.923,50
v3_front_loaded,off,H3,6,26.68,4.654,50
v3_front_loaded,off,H3,7,24.6,4.233,50
v3_front_loaded,off,H3,8,21.16,3.437,50
v3_front_loaded,off,H3,9,21.0,3.883,50
v3_front_loaded,off,H3,10,18.84,4.31,50
v3_front_loaded,off,H3,11,19.56,3.667,50
v3_front_loaded,off,H3,12,19.02,3.42,50
v3_front_loaded,off,H3,13,19.32,3.379,50
v3_front_loaded,off,H3,14,19.4,3.682,50
v3_front_loaded,off,H3,15,19.14,3.124,50
v3_front_loaded,off,H3,16,18.9,4.119,50
v3_front_loaded,off,H3,17,18.68,3.258,50
v3_front_loaded,off,H3,18,17.96,3.464,50
v3_front_loaded,off,H3,19,18.08,3.599,50
v3_front_loaded,off,H3,20,18.04,3.975,50
v3_front_loaded,off,H3,21,18.22,3.22,50
v3_front_loaded,off,H3,22,17.84,3.754,50
v3_front_loaded,off,H3,23,17.92,3.554,50
v3_front_loaded,off,H3,24,17.92,3.346,50
v3_front_loaded,off,H3,25,18.06,3.379,50
v3_front_loaded,off,H3,26,16.7,3.517,50
v3_front_loaded,off,H3,27,15.54,2.858,50
v3_front_loaded,off,H3,28,14.48,3.048,50
v3_front_loaded,off,H3,29,14.38,3.224,50
v3_front_loaded,off,H3,30,13.22,3.706,50
v3_front_loaded,off,H3,31,11.72,2.786,50
v3_front_loaded,off,H3,32,10.4,3.181,50
v3_front_loaded,off,H3,33,10.02,2.565,50
v3_front_loaded,off,H3,34,9.18,2.681,50
v3_front_loaded,off,H3,35,7.62,2.457,50
v3_front_loaded,off,H3,36,6.64,2.552,50
v3_front_loaded,off,H3,37,6.18,2.295,50
v3_front_loaded,off,H3,38,5.28,2.126,50
v3_front_loaded,off,H3,39,3.86,1.811,50
v3_front_loaded,individual,H1,0,54.4,5.265,50
v3_front_loaded,individual,H1,1,48.72,5.258,50
v3_front_loaded,individual,H1,2,42.64,4.568,50
v3_front_loaded,individual,H1,3,33.84,4.692,50
v3_front_loaded,individual,H1,4,31.98,3.947,50
v3_front_loaded,individual,H1,5,29.78,4.755,50
v3_front_loaded,individual,H1,6,26.54,4.304,50
v3_front_loaded,individual,H1,7,24.18,3.593,50
v3_front_loaded,individual,H1,8,22.26,3.405,50
v3_front_loaded,individual,H1,9,20.54,3.545,50
v3_front_loaded,individual,H1,10,18.82,3.559,50
v3_front_loaded,individual,H1,11,19.7,3.183,50
v3_front_loaded,individual,H1,12,19.58,3.731,50
v3_front_loaded,individual,H1,13,18.1,3.551,50
v3_front_loaded,individual,H1,14,19.52,3.517,50
v3_front_loaded,individual,H1,15,19.1,3.931,50
v3_front_loaded,individual,H1,16,17.94,3.524,50
v3_front_loaded,individual,H1,17,17.84,3.029,50
v3_front_loaded,individual,H1,18,18.14,3.852,50
v3_front_loaded,individual,H1,19,17.44,3.796,50
v3_front_loaded,individual,H1,20,17.48,3.506,50
v3_front_loaded,individual,H1,21,16.56,3.176,50
v3_front_loaded,individual,H1,22,16.48,4.051,50
v3_front_loaded,individual,H1,23,15.26,2.972,50
v3_front_loaded,individual,H1,24,14.78,3.245,50
v3_front_loaded,individual,H1,25,14.16,3.42,50
v3_front_loaded,individual,H1,26,14.32,3.234,50
v3_front_loaded,individual,H1,27,12.64,3.285,50
v3_front_loaded,individual,H1,28,12.48,3.573,50
v3_front_loaded,individual,H1,29,11.34,2.944,50
v3_front_loaded,individual,H1,30,10.56,2.858,50
v3_front_loaded,individual,H1,31,9.38,3.104,50
v3_front_loaded,individual,H1,32,8.48,2.343,50
v3_front_loaded,individual,H1,33,7.74,2.56,50
v3_front_loaded,individual,H1,34,6.94,2.158,50
v3_front_loaded,individual,H1,35,5.76,1.945,50
v3_front_loaded,individual,H1,36,5.46,2.563,50
v3_front_loaded,individual,H1,37,5.0,2.049,50
v3_front_loaded,individual,H1,38,4.38,2.048,50
v3_front_loaded,individual,H1,39,3.46,1.59,50
v3_front_loaded,individual,H2,0,53.54,5.742,50
v3_front_loaded,individual,H2,1,48.76,5.75,50
v3_front_loaded,individual,H2,2,43.22,5.232,50
v3_front_loaded,individual,H2,3,34.9,4.3,50
v3_front_loaded,individual,H2,4,31.54,4.531,50
v3_front_loaded,individual,H2,5,29.48,4.1,50
v3_front_loaded,individual,H2,6,26.88,3.729,50
v3_front_loaded,individual,H2,7,22.58,3.731,50
v3_front_loaded,individual,H2,8,22.3,4.173,50
v3_front_loaded,individual,H2,9,21.12,3.824,50
v3_front_loaded,individual,H2,10,18.88,3.173,50
v3_front_loaded,individual,H2,11,18.66,2.833,50
v3_front_loaded,individual,H2,12,19.3,3.22,50
v3_front_loaded,individual,H2,13,18.52,3.941,50
v3_front_loaded,individual,H2,14,17.76,3.803,50
v3_front_loaded,individual,H2,15,19.92,3.577,50
v3_front_loaded,individual,H2,16,18.0,4.104,50
v3_front_loaded,individual,H2,17,18.08,3.304,50
v3_front_loaded,individual,H2,18,18.0,3.28,50
v3_front_loaded,individual,H2,19,17.78,3.366,50
v3_front_loaded,individual,H2,20,17.18,3.135,50
v3_front_loaded,individual,H2,21,16.22,2.921,50
v3_front_loaded,individual,H2,22,15.56,3.293,50
v3_front_loaded,individual,H2,23,16.3,3.596,50
v3_front_loaded,individual,H2,24,15.72,3.561,50
v3_front_loaded,individual,H2,25,15.56,3.299,50
v3_front_loaded,individual,H2,26,14.14,3.572,50
v3_front_loaded,individual,H2,27,13.18,3.309,50
v3_front_loaded,individual,H2,28,12.56,3.263,50
v3_front_loaded,individual,H2,29,11.14,3.059,50
v3_front_loaded,individual,H2,30,10.54,2.975,50
v3_front_loaded,individual,H2,31,9.0,2.668,50
v3_front_loaded,individual,H2,32,8.34,2.71,50
v3_front_loaded,individual,H2,33,7.44,2.865,50
v3_front_loaded,individual,H2,34,6.54,2.64,50
v3_front_loaded,individual,H2,35,6.26,2.591,50
v3_front_loaded,individual,H2,36,4.92,2.382,50
v3_front_loaded,individual,H2,37,3.66,1.669,50
v3_front_loaded,individual,H2,38,3.52,1.769,50
v3_front_loaded,individual,H2,39,3.18,1.946,50
v3_front_loaded,individual,H3,0,52.72,5.25,50
v3_front_loaded,individual,H3,1,49.38,5.946,50
v3_front_loaded,individual,H3,2,43.4,4.72,50
v3_front_loaded,individual,H3,3,33.58,4.618,50
v3_front_loaded,individual,H3,4,31.04,3.929,50
v3_front_loaded,individual,H3,5,29.0,3.831,50
v3_front_loaded,individual,H3,6,26.7,3.673,50
v3_front_loaded,individual,H3,7,23.52,3.528,50
v3_front_loaded,individual,H3,8,22.18,3.615,50
v3_front_loaded,individual,H3,9,21.18,3.582,50
v3_front_loaded,individual,H3,10,19.54,3.801,50
v3_front_loaded,individual,H3,11,18.6,3.904,50
v3_front_loaded,individual,H3,12,19.7,4.286,50
v3_front_loaded,individual,H3,13,19.28,2.815,50
v3_front_loaded,individual,H3,14,18.24,3.21,50
v3_front_loaded,individual,H3,15,18.64,3.387,50
v3_front_loaded,individual,H3,16,17.9,3.27,50
v3_front_loaded,individual,H3,17,17.98,3.45,50
v3_front_loaded,individual,H3,18,17.56,2.94,50
v3_front_loaded,individual,H3,19,16.7,2.934,50
v3_front_loaded,individual,H3,20,16.98,3.597,50
v3_front_loaded,individual,H3,21,15.82,3.327,50
v3_front_loaded,individual,H3,22,16.38,3.376,50
v3_front_loaded,individual,H3,23,15.84,3.276,50
v3_front_loaded,individual,H3,24,14.4,3.04,50
v3_front_loaded,individual,H3,25,15.56,2.968,50
v3_front_loaded,individual,H3,26,13.72,2.946,50
v3_front_loaded,individual,H3,27,12.72,2.772,50
v3_front_loaded,individual,H3,28,11.34,3.642,50
v3_front_loaded,individual,H3,29,10.68,2.81,50
v3_front_loaded,individual,H3,30,10.56,2.988,50
v3_front_loaded,individual,H3,31,9.14,2.742,50
v3_front_loaded,individual,H3,32,8.48,2.844,50
v3_front_loaded,individual,H3,33,7.48,2.737,50
v3_front_loaded,individual,H3,34,6.54,2.67,50
v3_front_loaded,individual,H3,35,6.42,2.281,50
v3_front_loaded,individual,H3,36,5.3,2.071,50
v3_front_loaded,individual,H3,37,4.34,1.935,50
v3_front_loaded,individual,H3,38,3.88,1.925,50
v3_front_loaded,individual,H3,39,3.18,1.519,50
v3_front_loaded,coordinated,H1,0,53.96,5.161,50
v3_front_loaded,coordinated,H1,1,44.16,4.925,50
v3_front_loaded,coordinated,H1,2,37.02,5.14,50
v3_front_loaded,coordinated,H1,3,26.2,4.395,50
v3_front_loaded,coordinated,H1,4,23.8,4.195,50
v3_front_loaded,coordinated,H1,5,22.28,4.055,50
v3_front_loaded,coordinated,H1,6,18.92,3.862,50
v3_front_loaded,coordinated,H1,7,16.16,3.749,50
v3_front_loaded,coordinated,H1,8,14.32,3.121,50
v3_front_loaded,coordinated,H1,9,13.78,2.907,50
v3_front_loaded,coordinated,H1,10,12.72,3.047,50
v3_front_loaded,coordinated,H1,11,13.04,3.072,50
v3_front_loaded,coordinated,H1,12,12.48,3.366,50
v3_front_loaded,coordinated,H1,13,11.84,3.591,50
v3_front_loaded,coordinated,H1,14,11.72,3.238,50
v3_front_loaded,coordinated,H1,15,11.9,2.914,50
v3_front_loaded,coordinated,H1,16,11.78,3.151,50
v3_front_loaded,coordinated,H1,17,11.52,3.041,50
v3_front_loaded,coordinated,H1,18,11.42,2.967,50
v3_front_loaded,coordinated,H1,19,11.12,2.916,50
v3_front_loaded,coordinated,H1,20,11.52,3.1,50
v3_front_loaded,coordinated,H1,21,11.06,2.753,50
v3_front_loaded,coordinated,H1,22,9.84,3.055,50
v3_front_loaded,coordinated,H1,23,10.3,2.632,50
v3_front_loaded,coordinated,H1,24,10.6,2.375,50
v3_front_loaded,coordinated,H1,25,9.86,3.237,50
v3_front_loaded,coordinated,H1,26,9.6,2.289,50
v3_front_loaded,coordinated,H1,27,9.02,2.453,50
v3_front_loaded,coordinated,H1,28,8.22,2.435,50
v3_front_loaded,coordinated,H1,29,7.96,2.863,50
v3_front_loaded,coordinated,H1,30,7.68,2.42,50
v3_front_loaded,coordinated,H1,31,6.88,2.065,50
v3_front_loaded,coordinated,H1,32,7.26,2.339,50
v3_front_loaded,coordinated,H1,33,5.6,2.474,50
v3_front_loaded,coordinated,H1,34,5.06,2.222,50
v3_front_loaded,coordinated,H1,35,4.78,2.033,50
v3_front_loaded,coordinated,H1,36,4.54,2.282,50
v3_front_loaded,coordinated,H1,37,3.68,1.489,50
v3_front_loaded,coordinated,H1,38,3.28,1.855,50
v3_front_loaded,coordinated,H1,39,2.44,1.499,50
v3_front_loaded,coordinated,H2,0,53.38,4.185,50
v3_front_loaded,coordinated,H2,1,44.72,5.65,50
v3_front_loaded,coordinated,H2,2,36.92,4.166,50
v3_front_loaded,coordinated,H2,3,26.6,4.771,50
v3_front_loaded,coordinated,H2,4,24.48,4.148,50
v3_front_loaded,coordinated,H2,5,21.64,4.194,50
v3_front_loaded,coordinated,H2,6,19.48,4.415,50
v3_front_loaded,coordinated,H2,7,17.58,2.954,50
v3_front_loaded,coordinated,H2,8,14.74,3.136,50
v3_front_loaded,coordinated,H2,9,13.42,3.04,50
v3_front_loaded,coordinated,H2,10,12.2,3.098,50
v3_front_loaded,coordinated,H2,11,11.96,2.959,50
v3_front_loaded,coordinated,H2,12,12.32,2.887,50
v3_front_loaded,coordinated,H2,13,11.66,3.011,50
v3_front_loaded,coordinated,H2,14,11.54,2.948,50
v3_front_loaded,coordinated,H2,15,11.38,2.792,50
v3_front_loaded,coordinated,H2,16,11.8,2.987,50
v3_front_loaded,coordinated,H2,17,11.56,2.662,50
v3_front_loaded,coordinated,H2,18,11.32,2.81,50
v3_front_loaded,coordinated,H2,19,10.98,3.496,50
v3_front_loaded,coordinated,H2,20,11.14,3.124,50
v3_front_loaded,coordinated,H2,21,11.48,2.968,50
v3_front_loaded,coordinated,H2,22,11.52,3.176,50
v3_front_loaded,coordinated,H2,23,10.4,3.053,50
v3_front_loaded,coordinated,H2,24,10.56,2.624,50
v3_front_loaded,coordinated,H2,25,10.1,2.872,50
v3_front_loaded,coordinated,H2,26,9.6,2.828,50
v3_front_loaded,coordinated,H2,27,9.84,3.158,50
v3_front_loaded,coordinated,H2,28,8.34,2.754,50
v3_front_loaded,coordinated,H2,29,7.98,2.874,50
v3_front_loaded,coordinated,H2,30,7.34,2.233,50
v3_front_loaded,coordinated,H2,31,6.22,1.847,50
v3_front_loaded,coordinated,H2,32,6.42,2.155,50
v3_front_loaded,coordinated,H2,33,5.72,2.069,50
v3_front_loaded,coordinated,H2,34,5.34,2.286,50
v3_front_loaded,coordinated,H2,35,5.02,2.223,50
v3_front_loaded,coordinated,H2,36,4.44,1.982,50
v3_front_loaded,coordinated,H2,37,3.4,1.876,50
v3_front_loaded,coordinated,H2,38,3.1,1.539,50
v3_front_loaded,coordinated,H2,39,2.36,1.338,50
v3_front_loaded,coordinated,H3,0,54.12,5.026,50
v3_front_loaded,coordinated,H3,1,45.2,5.008,50
v3_front_loaded,coordinated,H3,2,37.36,3.882,50
v3_front_loaded,coordinated,H3,3,27.04,4.372,50
v3_front_loaded,coordinated,H3,4,24.56,4.182,50
v3_front_loaded,coordinated,H3,5,21.06,3.921,50
v3_front_loaded,coordinated,H3,6,17.48,3.33,50
v3_front_loaded,coordinated,H3,7,16.38,3.187,50
v3_front_loaded,coordinated,H3,8,15.16,3.319,50
v3_front_loaded,coordinated,H3,9,13.64,3.615,50
v3_front_loaded,coordinated,H3,10,12.28,3.383,50
v3_front_loaded,coordinated,H3,11,12.46,3.5,50
v3_front_loaded,coordinated,H3,12,12.18,2.487,50
v3_front_loaded,coordinated,H3,13,12.92,3.577,50
v3_front_loaded,coordinated,H3,14,12.12,2.651,50
v3_front_loaded,coordinated,H3,15,12.92,3.052,50
v3_front_loaded,coordinated,H3,16,11.62,2.952,50
v3_front_loaded,coordinated,H3,17,11.3,3.189,50
v3_front_loaded,coordinated,H3,18,10.68,2.969,50
v3_front_loaded,coordinated,H3,19,12.1,3.138,50
v3_front_loaded,coordinated,H3,20,12.02,2.963,50
v3_front_loaded,coordinated,H3,21,11.38,3.149,50
v3_front_loaded,coordinated,H3,22,11.16,2.603,50
v3_front_loaded,coordinated,H3,23,10.56,3.138,50
v3_front_loaded,coordinated,H3,24,10.16,2.88,50
v3_front_loaded,coordinated,H3,25,9.38,2.599,50
v3_front_loaded,coordinated,H3,26,9.7,2.419,50
v3_front_loaded,coordinated,H3,27,9.46,2.625,50
v3_front_loaded,coordinated,H3,28,8.78,2.708,50
v3_front_loaded,coordinated,H3,29,7.98,2.337,50
v3_front_loaded,coordinated,H3,30,7.16,2.335,50
v3_front_loaded,coordinated,H3,31,6.94,2.403,50
v3_front_loaded,coordinated,H3,32,6.74,1.798,50
v3_front_loaded,coordinated,H3,33,5.9,2.851,50
v3_front_loaded,coordinated,H3,34,5.36,2.234,50
v3_front_loaded,coordinated,H3,35,4.36,1.819,50
v3_front_loaded,coordinated,H3,36,4.32,2.083,50
v3_front_loaded,coordinated,H3,37,3.56,1.734,50
v3_front_loaded,coordinated,H3,38,2.82,1.506,50
v3_front_loaded,coordinated,H3,39,2.48,1.59,50
v3_plateau_high,off,H1,0,54.6,4.779,50
v3_plateau_high,off,H1,1,48.22,6.407,50
v3_plateau_high,off,H1,2,46.38,5.157,50
v3_plateau_high,off,H1,3,37.7,4.851,50
v3_plateau_high,off,H1,4,32.18,4.146,50
v3_plateau_high,off,H1,5,27.58,4.138,50
v3_plateau_high,off,H1,6,23.46,4.631,50
v3_plateau_high,off,H1,7,23.64,3.582,50
v3_plateau_high,off,H1,8,21.24,3.922,50
v3_plateau_high,off,H1,9,21.84,3.849,50
v3_plateau_high,off,H1,10,21.36,3.933,50
v3_plateau_high,off,H1,11,20.8,3.758,50
v3_plateau_high,off,H1,12,19.46,3.263,50
v3_plateau_high,off,H1,13,19.46,3.727,50
v3_plateau_high,off,H1,14,19.68,3.712,50
v3_plateau_high,off,H1,15,20.46,2.751,50
v3_plateau_high,off,H1,16,20.74,3.451,50
v3_plateau_high,off,H1,17,20.66,4.048,50
v3_plateau_high,off,H1,18,20.06,4.197,50
v3_plateau_high,off,H1,19,19.66,3.427,50
v3_plateau_high,off,H1,20,19.86,3.105,50
v3_plateau_high,off,H1,21,19.4,4.064,50
v3_plateau_high,off,H1,22,20.04,3.532,50
v3_plateau_high,off,H1,23,20.9,4.215,50
v3_plateau_high,off,H1,24,19.88,3.141,50
v3_plateau_high,off,H1,25,19.06,3.529,50
v3_plateau_high,off,H1,26,18.3,3.366,50
v3_plateau_high,off,H1,27,17.04,3.622,50
v3_plateau_high,off,H1,28,17.4,3.555,50
v3_plateau_high,off,H1,29,15.54,2.7,50
v3_plateau_high,off,H1,30,14.56,3.001,50
v3_plateau_high,off,H1,31,13.72,3.244,50
v3_plateau_high,off,H1,32,12.66,3.374,50
v3_plateau_high,off,H1,33,11.46,2.858,50
v3_plateau_high,off,H1,34,9.84,3.373,50
v3_plateau_high,off,H1,35,9.02,2.874,50
v3_plateau_high,off,H1,36,7.6,2.01,50
v3_plateau_high,off,H1,37,7.32,2.687,50
v3_plateau_high,off,H1,38,6.96,2.498,50
v3_plateau_high,off,H1,39,4.72,2.03,50
v3_plateau_high,off,H2,0,53.58,5.872,50
v3_plateau_high,off,H2,1,49.52,4.662,50
v3_plateau_high,off,H2,2,44.32,4.735,50
v3_plateau_high,off,H2,3,37.24,4.008,50
v3_plateau_high,off,H2,4,32.76,3.642,50
v3_plateau_high,off,H2,5,26.78,3.46,50
v3_plateau_high,off,H2,6,23.84,3.215,50
v3_plateau_high,off,H2,7,23.76,3.75,50
v3_plateau_high,off,H2,8,22.56,4.553,50
v3_plateau_high,off,H2,9,22.0,3.225,50
v3_plateau_high,off,H2,10,21.68,3.408,50
v3_plateau_high,off,H2,11,21.5,3.324,50
v3_plateau_high,off,H2,12,20.1,3.294,50
v3_plateau_high,off,H2,13,19.64,3.74,50
v3_plateau_high,off,H2,14,20.62,3.322,50
v3_plateau_high,off,H2,15,20.26,3.285,50
v3_plateau_high,off,H2,16,20.36,3.192,50
v3_plateau_high,off,H2,17,20.38,3.61,50
v3_plateau_high,off,H2,18,20.36,3.938,50
v3_plateau_high,off,H2,19,20.1,3.074,50
v3_plateau_high,off,H2,20,20.54,3.208,50
v3_plateau_high,off,H2,21,21.1,3.138,50
v3_plateau_high,off,H2,22,20.98,3.739,50
v3_plateau_high,off,H2,23,19.78,3.396,50
v3_plateau_high,off,H2,24,19.64,3.626,50
v3_plateau_high,off,H2,25,19.2,3.464,50
v3_plateau_high,off,H2,26,18.04,3.72,50
v3_plateau_high,off,H2,27,17.82,3.948,50
v3_plateau_high,off,H2,28,16.62,3.358,50
v3_plateau_high,off,H2,29,15.54,3.879,50
v3_plateau_high,off,H2,30,15.7,3.574,50
v3_plateau_high,off,H2,31,13.72,3.43,50
v3_plateau_high,off,H2,32,12.68,2.832,50
v3_plateau_high,off,H2,33,10.54,3.028,50
v3_plateau_high,off,H2,34,9.48,2.851,50
v3_plateau_high,off,H2,35,9.14,2.939,50
v3_plateau_high,off,H2,36,7.38,2.705,50
v3_plateau_high,off,H2,37,6.92,2.096,50
v3_plateau_high,off,H2,38,5.78,2.343,50
v3_plateau_high,off,H2,39,5.22,1.993,50
v3_plateau_high,off,H3,0,55.02,4.994,50
v3_plateau_high,off,H3,1,48.84,5.739,50
v3_plateau_high,off,H3,2,45.18,5.156,50
v3_plateau_high,off,H3,3,36.4,3.816,50
v3_plateau_high,off,H3,4,30.76,4.615,50
v3_plateau_high,off,H3,5,27.36,4.344,50
v3_plateau_high,off,H3,6,25.76,3.75,50
v3_plateau_high,off,H3,7,23.74,3.66,50
v3_plateau_high,off,H3,8,20.56,3.716,50
v3_plateau_high,off,H3,9,22.3,3.828,50
v3_plateau_high,off,H3,10,21.76,3.558,50
v3_plateau_high,off,H3,11,21.38,3.243,50
v3_plateau_high,off,H3,12,20.86,3.699,50
v3_plateau_high,off,H3,13,21.44,3.764,50
v3_plateau_high,off,H3,14,20.9,3.931,50
v3_plateau_high,off,H3,15,20.6,3.231,50
v3_plateau_high,off,H3,16,21.66,3.829,50
v3_plateau_high,off,H3,17,20.98,3.209,50
v3_plateau_high,off,H3,18,21.4,3.447,50
v3_plateau_high,off,H3,19,20.36,4.034,50
v3_plateau_high,off,H3,20,19.38,3.249,50
v3_plateau_high,off,H3,21,20.14,3.555,50
v3_plateau_high,off,H3,22,20.38,3.549,50
v3_plateau_high,off,H3,23,19.96,3.715,50
v3_plateau_high,off,H3,24,19.36,4.009,50
v3_plateau_high,off,H3,25,19.16,3.506,50
v3_plateau_high,off,H3,26,19.26,2.924,50
v3_plateau_high,off,H3,27,16.86,3.394,50
v3_plateau_high,off,H3,28,16.42,3.293,50
v3_plateau_high,off,H3,29,14.98,3.344,50
v3_plateau_high,off,H3,30,15.54,3.145,50
v3_plateau_high,off,H3,31,13.82,2.861,50
v3_plateau_high,off,H3,32,12.04,3.423,50
v3_plateau_high,off,H3,33,11.12,2.566,50
v3_plateau_high,off,H3,34,10.0,2.289,50
v3_plateau_high,off,H3,35,9.12,2.761,50
v3_plateau_high,off,H3,36,7.98,2.768,50
v3_plateau_high,off,H3,37,7.82,2.658,50
v3_plateau_high,off,H3,38,6.62,2.391,50
v3_plateau_high,off,H3,39,4.68,2.083,50
v3_plateau_high,individual,H1,0,54.5,5.005,50
v3_plateau_high,individual,H1,1,49.74,6.251,50
v3_plateau_high,individual,H1,2,45.44,5.419,50
v3_plateau_high,individual,H1,3,36.22,4.478,50
v3_plateau_high,individual,H1,4,31.6,4.569,50
v3_plateau_high,individual,H1,5,27.14,3.8,50
v3_plateau_high,individual,H1,6,25.96,3.836,50
v3_plateau_high,individual,H1,7,23.36,4.073,50
v3_plateau_high,individual,H1,8,20.92,4.117,50
v3_plateau_high,individual,H1,9,21.6,3.768,50
v3_plateau_high,individual,H1,10,21.28,3.4,50
v3_plateau_high,individual,H1,11,21.28,4.045,50
v3_plateau_high,individual,H1,12,18.8,4.147,50
v3_plateau_high,individual,H1,13,20.8,3.873,50
v3_plateau_high,individual,H1,14,20.32,3.636,50
v3_plateau_high,individual,H1,15,20.02,4.231,50
v3_plateau_high,individual,H1,16,19.84,3.252,50
v3_plateau_high,individual,H1,17,19.0,3.639,50
v3_plateau_high,individual,H1,18,19.36,3.135,50
v3_plateau_high,individual,H1,19,18.56,2.886,50
v3_plateau_high,individual,H1,20,18.14,3.842,50
v3_plateau_high,individual,H1,21,18.26,3.804,50
v3_plateau_high,individual,H1,22,17.62,3.984,50
v3_plateau_high,individual,H1,23,17.84,3.786,50
v3_plateau_high,individual,H1,24,17.02,3.558,50
v3_plateau_high,individual,H1,25,16.4,3.365,50
v3_plateau_high,individual,H1,26,15.48,3.233,50
v3_plateau_high,individual,H1,27,14.54,2.744,50
v3_plateau_high,individual,H1,28,13.0,2.771,50
v3_plateau_high,individual,H1,29,12.46,3.245,50
v3_plateau_high,individual,H1,30,11.3,2.516,50
v3_plateau_high,individual,H1,31,10.4,2.4,50
v3_plateau_high,individual,H1,32,9.64,2.777,50
v3_plateau_high,individual,H1,33,8.58,2.29,50
v3_plateau_high,individual,H1,34,7.54,2.773,50
v3_plateau_high,individual,H1,35,7.14,2.585,50
v3_plateau_high,individual,H1,36,5.3,2.09,50
v3_plateau_high,individual,H1,37,4.96,2.358,50
v3_plateau_high,individual,H1,38,4.36,1.841,50
v3_plateau_high,individual,H1,39,3.66,1.751,50
v3_plateau_high,individual,H2,0,54.94,5.002,50
v3_plateau_high,individual,H2,1,50.72,5.589,50
v3_plateau_high,individual,H2,2,43.32,4.197,50
v3_plateau_high,individual,H2,3,38.14,4.887,50
v3_plateau_high,individual,H2,4,31.7,5.084,50
v3_plateau_high,individual,H2,5,27.2,3.975,50
v3_plateau_high,individual,H2,6,25.64,3.867,50
v3_plateau_high,individual,H2,7,23.94,3.646,50
v3_plateau_high,individual,H2,8,21.18,3.416,50
v3_plateau_high,individual,H2,9,21.54,3.853,50
v3_plateau_high,individual,H2,10,22.3,3.511,50
v3_plateau_high,individual,H2,11,21.0,3.169,50
v3_plateau_high,individual,H2,12,20.14,3.99,50
v3_plateau_high,individual,H2,13,19.48,3.506,50
v3_plateau_high,individual,H2,14,20.4,4.247,50
v3_plateau_high,individual,H2,15,20.7,3.17,50
v3_plateau_high,individual,H2,16,18.66,3.296,50
v3_plateau_high,individual,H2,17,18.94,4.282,50
v3_plateau_high,individual,H2,18,18.98,3.496,50
v3_plateau_high,individual,H2,19,19.12,4.013,50
v3_plateau_high,individual,H2,20,19.04,3.868,50
v3_plateau_high,individual,H2,21,17.94,3.489,50
v3_plateau_high,individual,H2,22,19.0,3.481,50
v3_plateau_high,individual,H2,23,17.88,3.254,50
v3_plateau_high,individual,H2,24,16.86,3.244,50
v3_plateau_high,individual,H2,25,17.1,3.673,50
v3_plateau_high,individual,H2,26,15.82,2.696,50
v3_plateau_high,individual,H2,27,14.98,3.53,50
v3_plateau_high,individual,H2,28,13.48,3.859,50
v3_plateau_high,individual,H2,29,12.82,3.198,50
v3_plateau_high,individual,H2,30,12.36,3.514,50
v3_plateau_high,individual,H2,31,10.6,2.676,50
v3_plateau_high,individual,H2,32,10.16,2.618,50
v3_plateau_high,individual,H2,33,7.96,2.577,50
v3_plateau_high,individual,H2,34,7.34,1.976,50
v3_plateau_high,individual,H2,35,7.7,2.377,50
v3_plateau_high,individual,H2,36,6.14,2.623,50
v3_plateau_high,individual,H2,37,5.1,2.291,50
v3_plateau_high,individual,H2,38,4.26,1.988,50
v3_plateau_high,individual,H2,39,3.4,1.822,50
v3_plateau_high,individual,H3,0,54.54,5.116,50
v3_plateau_high,individual,H3,1,50.26,5.207,50
v3_plateau_high,individual,H3,2,43.84,5.065,50
v3_plateau_high,individual,H3,3,36.66,4.978,50
v3_plateau_high,individual,H3,4,31.2,4.405,50
v3_plateau_high,individual,H3,5,26.38,2.835,50
v3_plateau_high,individual,H3,6,25.8,4.104,50
v3_plateau_high,individual,H3,7,24.0,4.639,50
v3_plateau_high,individual,H3,8,22.34,3.468,50
v3_plateau_high,individual,H3,9,21.42,3.533,50
v3_plateau_high,individual,H3,10,21.38,4.004,50
v3_plateau_high,individual,H3,11,20.54,4.143,50
v3_plateau_high,individual,H3,12,20.06,3.706,50
v3_plateau_high,individual,H3,13,19.86,2.653,50
v3_plateau_high,individual,H3,14,20.26,3.788,50
v3_plateau_high,individual,H3,15,20.0,4.0,50
v3_plateau_high,individual,H3,16,18.02,3.717,50
v3_plateau_high,individual,H3,17,19.72,3.644,50
v3_plateau_high,individual,H3,18,18.46,3.395,50
v3_plateau_high,individual,H3,19,18.62,4.088,50
v3_plateau_high,individual,H3,20,18.5,2.934,50
v3_plateau_high,individual,H3,21,19.1,3.956,50
v3_plateau_high,individual,H3,22,17.74,3.129,50
v3_plateau_high,individual,H3,23,17.8,4.035,50
v3_plateau_high,individual,H3,24,18.06,3.781,50
v3_plateau_high,individual,H3,25,16.34,3.427,50
v3_plateau_high,individual,H3,26,15.56,3.407,50
v3_plateau_high,individual,H3,27,15.34,3.525,50
v3_plateau_high,individual,H3,28,13.66,3.083,50
v3_plateau_high,individual,H3,29,12.74,3.205,50
v3_plateau_high,individual,H3,30,12.1,2.587,50
v3_plateau_high,individual,H3,31,10.48,3.318,50
v3_plateau_high,individual,H3,32,9.42,3.014,50
v3_plateau_high,individual,H3,33,8.76,1.893,50
v3_plateau_high,individual,H3,34,8.58,2.743,50
v3_plateau_high,individual,H3,35,7.04,2.474,50
v3_plateau_high,individual,H3,36,6.28,2.815,50
v3_plateau_high,individual,H3,37,5.6,2.441,50
v3_plateau_high,individual,H3,38,4.56,1.888,50
v3_plateau_high,individual,H3,39,4.2,2.04,50
v3_plateau_high,coordinated,H1,0,54.72,4.976,50
v3_plateau_high,coordinated,H1,1,46.68,5.372,50
v3_plateau_high,coordinated,H1,2,40.34,3.53,50
v3_plateau_high,coordinated,H1,3,31.22,3.991,50
v3_plateau_high,coordinated,H1,4,23.74,3.719,50
v3_plateau_high,coordinated,H1,5,19.16,2.838,50
v3_plateau_high,coordinated,H1,6,18.06,3.373,50
v3_plateau_high,coordinated,H1,7,16.82,2.861,50
v3_plateau_high,coordinated,H1,8,14.9,3.78,50
v3_plateau_high,coordinated,H1,9,14.46,3.442,50
v3_plateau_high,coordinated,H1,10,14.82,3.351,50
v3_plateau_high,coordinated,H1,11,13.92,3.872,50
v3_plateau_high,coordinated,H1,12,13.42,3.194,50
v3_plateau_high,coordinated,H1,13,13.7,3.471,50
v3_plateau_high,coordinated,H1,14,13.46,3.138,50
v3_plateau_high,coordinated,H1,15,13.04,3.193,50
v3_plateau_high,coordinated,H1,16,12.88,3.204,50
v3_plateau_high,coordinated,H1,17,13.32,2.76,50
v3_plateau_high,coordinated,H1,18,12.36,2.726,50
v3_plateau_high,coordinated,H1,19,13.06,3.271,50
v3_plateau_high,coordinated,H1,20,12.8,3.085,50
v3_plateau_high,coordinated,H1,21,12.6,2.631,50
v3_plateau_high,coordinated,H1,22,12.48,3.138,50
v3_plateau_high,coordinated,H1,23,11.52,3.431,50
v3_plateau_high,coordinated,H1,24,12.14,2.96,50
v3_plateau_high,coordinated,H1,25,12.2,3.007,50
v3_plateau_high,coordinated,H1,26,11.28,3.02,50
v3_plateau_high,coordinated,H1,27,11.26,2.958,50
v3_plateau_high,coordinated,H1,28,10.4,2.764,50
v3_plateau_high,coordinated,H1,29,10.06,2.626,50
v3_plateau_high,coordinated,H1,30,9.34,3.057,50
v3_plateau_high,coordinated,H1,31,7.88,2.397,50
v3_plateau_high,coordinated,H1,32,7.78,2.618,50
v3_plateau_high,coordinated,H1,33,6.3,2.012,50
v3_plateau_high,coordinated,H1,34,6.86,2.728,50
v3_plateau_high,coordinated,H1,35,6.44,2.08,50
v3_plateau_high,coordinated,H1,36,5.34,1.986,50
v3_plateau_high,coordinated,H1,37,4.38,1.917,50
v3_plateau_high,coordinated,H1,38,4.1,1.982,50
v3_plateau_high,coordinated,H1,39,3.54,1.445,50
v3_plateau_high,coordinated,H2,0,53.84,5.63,50
v3_plateau_high,coordinated,H2,1,46.36,4.612,50
v3_plateau_high,coordinated,H2,2,40.44,5.123,50
v3_plateau_high,coordinated,H2,3,30.68,3.733,50
v3_plateau_high,coordinated,H2,4,24.74,3.974,50
v3_plateau_high,coordinated,H2,5,19.9,3.754,50
v3_plateau_high,coordinated,H2,6,17.36,3.703,50
v3_plateau_high,coordinated,H2,7,16.3,3.3,50
v3_plateau_high,coordinated,H2,8,15.64,3.135,50
v3_plateau_high,coordinated,H2,9,14.74,3.416,50
v3_plateau_high,coordinated,H2,10,14.7,3.869,50
v3_plateau_high,coordinated,H2,11,13.72,3.353,50
v3_plateau_high,coordinated,H2,12,14.12,3.115,50
v3_plateau_high,coordinated,H2,13,13.72,3.633,50
v3_plateau_high,coordinated,H2,14,13.76,4.072,50
v3_plateau_high,coordinated,H2,15,12.86,3.073,50
v3_plateau_high,coordinated,H2,16,12.94,3.619,50
v3_plateau_high,coordinated,H2,17,12.44,3.014,50
v3_plateau_high,coordinated,H2,18,13.62,3.31,50
v3_plateau_high,coordinated,H2,19,12.68,2.774,50
v3_plateau_high,coordinated,H2,20,12.54,3.067,50
v3_plateau_high,coordinated,H2,21,13.28,2.661,50
v3_plateau_high,coordinated,H2,22,12.66,3.031,50
v3_plateau_high,coordinated,H2,23,12.48,3.579,50
v3_plateau_high,coordinated,H2,24,13.42,2.401,50
v3_plateau_high,coordinated,H2,25,11.7,3.629,50
v3_plateau_high,coordinated,H2,26,11.7,2.766,50
v3_plateau_high,coordinated,H2,27,11.1,2.715,50
v3_plateau_high,coordinated,H2,28,9.76,2.732,50
v3_plateau_high,coordinated,H2,29,9.44,2.507,50
v3_plateau_high,coordinated,H2,30,9.46,2.402,50
v3_plateau_high,coordinated,H2,31,8.98,2.634,50
v3_plateau_high,coordinated,H2,32,7.78,2.411,50
v3_plateau_high,coordinated,H2,33,6.8,2.474,50
v3_plateau_high,coordinated,H2,34,6.44,2.531,50
v3_plateau_high,coordinated,H2,35,5.48,2.334,50
v3_plateau_high,coordinated,H2,36,5.18,2.066,50
v3_plateau_high,coordinated,H2,37,4.1,1.889,50
v3_plateau_high,coordinated,H2,38,3.52,1.825,50
v3_plateau_high,coordinated,H2,39,3.44,1.745,50
v3_plateau_high,coordinated,H3,0,54.44,5.463,50
v3_plateau_high,coordinated,H3,1,45.54,5.386,50
v3_plateau_high,coordinated,H3,2,40.36,5.188,50
v3_plateau_high,coordinated,H3,3,29.82,4.778,50
v3_plateau_high,coordinated,H3,4,24.64,4.711,50
v3_plateau_high,coordinated,H3,5,19.78,3.956,50
v3_plateau_high,coordinated,H3,6,17.8,3.726,50
v3_plateau_high,coordinated,H3,7,16.52,3.523,50
v3_plateau_high,coordinated,H3,8,14.62,3.741,50
v3_plateau_high,coordinated,H3,9,14.34,2.923,50
v3_plateau_high,coordinated,H3,10,14.74,3.698,50
v3_plateau_high,coordinated,H3,11,13.36,3.071,50
v3_plateau_high,coordinated,H3,12,14.38,3.605,50
v3_plateau_high,coordinated,H3,13,14.26,3.582,50
v3_plateau_high,coordinated,H3,14,13.08,3.11,50
v3_plateau_high,coordinated,H3,15,13.52,3.77,50
v3_plateau_high,coordinated,H3,16,12.72,3.487,50
v3_plateau_high,coordinated,H3,17,13.0,3.311,50
v3_plateau_high,coordinated,H3,18,12.84,2.866,50
v3_plateau_high,coordinated,H3,19,12.7,3.022,50
v3_plateau_high,coordinated,H3,20,12.94,3.313,50
v3_plateau_high,coordinated,H3,21,12.22,2.838,50
v3_plateau_high,coordinated,H3,22,12.94,3.507,50
v3_plateau_high,coordinated,H3,23,12.3,3.126,50
v3_plateau_high,coordinated,H3,24,12.14,2.735,50
v3_plateau_high,coordinated,H3,25,12.46,3.318,50
v3_plateau_high,coordinated,H3,26,13.18,2.826,50
v3_plateau_high,coordinated,H3,27,11.22,3.177,50
v3_plateau_high,coordinated,H3,28,9.64,3.11,50
v3_plateau_high,coordinated,H3,29,10.06,2.611,50
v3_plateau_high,coordinated,H3,30,9.44,2.787,50
v3_plateau_high,coordinated,H3,31,8.12,3.057,50
v3_plateau_high,coordinated,H3,32,7.86,2.871,50
v3_plateau_high,coordinated,H3,33,6.9,3.113,50
v3_plateau_high,coordinated,H3,34,6.6,2.088,50
v3_plateau_high,coordinated,H3,35,5.42,2.255,50
v3_plateau_high,coordinated,H3,36,5.32,2.13,50
v3_plateau_high,coordinated,H3,37,4.62,1.864,50
v3_plateau_high,coordinated,H3,38,4.04,1.949,50
v3_plateau_high,coordinated,H3,39,3.5,1.664,50
v1_original,v1,H1,0,54.26,5.695,50
v1_original,v1,H1,1,43.28,5.099,50
v1_original,v1,H1,2,36.58,4.504,50
v1_original,v1,H1,3,15.0,3.329,50
v1_original,v1,H1,4,11.82,2.666,50
v1_original,v1,H1,5,10.04,2.545,50
v1_original,v1,H1,6,7.86,2.474,50
v1_original,v1,H1,7,6.84,2.548,50
v1_original,v1,H1,8,5.48,2.385,50
v1_original,v1,H1,9,5.04,1.907,50
v1_original,v1,H1,10,3.12,1.351,50
v1_original,v1,H1,11,3.68,1.783,50
v1_original,v1,H1,12,2.94,1.725,50
v1_original,v1,H1,13,3.36,1.67,50
v1_original,v1,H1,14,3.38,1.522,50
v1_original,v1,H1,15,3.1,1.473,50
v1_original,v1,H1,16,2.84,1.541,50
v1_original,v1,H1,17,2.84,1.678,50
v1_original,v1,H1,18,2.66,1.645,50
v1_original,v1,H1,19,2.76,1.517,50
v1_original,v1,H1,20,2.78,1.591,50
v1_original,v1,H1,21,2.48,1.253,50
v1_original,v1,H1,22,2.3,1.3,50
v1_original,v1,H1,23,2.82,1.396,50
v1_original,v1,H1,24,2.54,1.59,50
v1_original,v1,H1,25,2.36,1.466,50
v1_original,v1,H1,26,2.48,1.459,50
v1_original,v1,H1,27,1.96,1.095,50
v1_original,v1,H1,28,2.02,1.288,50
v1_original,v1,H1,29,1.76,1.159,50
v1_original,v1,H1,30,1.54,1.099,50
v1_original,v1,H1,31,1.62,1.147,50
v1_original,v1,H1,32,1.12,1.125,50
v1_original,v1,H1,33,1.18,1.014,50
v1_original,v1,H1,34,1.02,1.049,50
v1_original,v1,H1,35,0.96,1.038,50
v1_original,v1,H1,36,1.06,1.066,50
v1_original,v1,H1,37,1.06,1.103,50
v1_original,v1,H1,38,0.68,0.786,50
v1_original,v1,H1,39,0.8,0.894,50
v1_original,v1,H2,0,53.96,4.49,50
v1_original,v1,H2,1,45.04,4.887,50
v1_original,v1,H2,2,36.26,3.66,50
v1_original,v1,H2,3,14.62,3.762,50
v1_original,v1,H2,4,11.86,3.359,50
v1_original,v1,H2,5,9.74,2.77,50
v1_original,v1,H2,6,7.4,2.49,50
v1_original,v1,H2,7,5.8,2.117,50
v1_original,v1,H2,8,5.66,1.935,50
v1_original,v1,H2,9,5.18,1.915,50
v1_original,v1,H2,10,3.36,1.368,50
v1_original,v1,H2,11,3.54,1.539,50
v1_original,v1,H2,12,3.1,1.758,50
v1_original,v1,H2,13,3.14,1.721,50
v1_original,v1,H2,14,2.94,1.58,50
v1_original,v1,H2,15,3.12,1.595,50
v1_original,v1,H2,16,2.8,1.744,50
v1_original,v1,H2,17,2.44,1.675,50
v1_original,v1,H2,18,3.04,1.732,50
v1_original,v1,H2,19,2.84,1.433,50
v1_original,v1,H2,20,2.9,1.616,50
v1_original,v1,H2,21,2.64,1.682,50
v1_original,v1,H2,22,2.68,1.406,50
v1_original,v1,H2,23,2.54,1.723,50
v1_original,v1,H2,24,2.54,1.36,50
v1_original,v1,H2,25,2.56,1.402,50
v1_original,v1,H2,26,1.92,1.278,50
v1_original,v1,H2,27,1.94,1.434,50
v1_original,v1,H2,28,1.82,1.161,50
v1_original,v1,H2,29,1.8,1.233,50
v1_original,v1,H2,30,1.8,1.114,50
v1_original,v1,H2,31,2.08,1.181,50
v1_original,v1,H2,32,1.38,1.018,50
v1_original,v1,H2,33,1.32,1.121,50
v1_original,v1,H2,34,1.24,0.95,50
v1_original,v1,H2,35,1.12,0.952,50
v1_original,v1,H2,36,1.18,0.973,50
v1_original,v1,H2,37,0.94,0.732,50
v1_original,v1,H2,38,0.6,0.849,50
v1_original,v1,H2,39,0.46,0.67,50
v1_original,v1,H3,0,53.02,5.335,50
v1_original,v1,H3,1,45.76,4.954,50
v1_original,v1,H3,2,35.52,4.272,50
v1_original,v1,H3,3,13.5,2.858,50
v1_original,v1,H3,4,12.14,2.891,50
v1_original,v1,H3,5,10.02,2.717,50
v1_original,v1,H3,6,8.14,2.2,50
v1_original,v1,H3,7,6.22,2.081,50
v1_original,v1,H3,8,5.46,2.061,50
v1_original,v1,H3,9,5.26,2.171,50
v1_original,v1,H3,10,3.24,1.806,50
v1_original,v1,H3,11,3.52,1.792,50
v1_original,v1,H3,12,3.4,2.117,50
v1_original,v1,H3,13,3.38,1.765,50
v1_original,v1,H3,14,2.94,1.805,50
v1_original,v1,H3,15,2.82,1.545,50
v1_original,v1,H3,16,2.66,1.557,50
v1_original,v1,H3,17,3.24,1.965,50
v1_original,v1,H3,18,3.0,1.855,50
v1_original,v1,H3,19,2.4,1.625,50
v1_original,v1,H3,20,2.9,1.36,50
v1_original,v1,H3,21,2.54,1.486,50
v1_original,v1,H3,22,2.78,1.54,50
v1_original,v1,H3,23,2.84,1.376,50
v1_original,v1,H3,24,2.44,1.267,50
v1_original,v1,H3,25,2.4,1.549,50
v1_original,v1,H3,26,2.24,1.491,50
v1_original,v1,H3,27,1.88,1.243,50
v1_original,v1,H3,28,1.82,1.144,50
v1_original,v1,H3,29,1.58,1.234,50
v1_original,v1,H3,30,1.68,1.139,50
v1_original,v1,H3,31,2.14,1.166,50
v1_original,v1,H3,32,1.62,1.455,50
v1_original,v1,H3,33,1.46,1.17,50
v1_original,v1,H3,34,1.14,1.0,50
v1_original,v1,H3,35,0.86,0.895,50
v1_original,v1,H3,36,0.9,0.877,50
v1_original,v1,H3,37,1.0,0.917,50
v1_original,v1,H3,38,0.6,0.721,50
v1_original,v1,H3,39,0.64,0.819,50
